"title","url","votes","answer","frequency"
"Custom tree dropdown style","https://stackoverflow.com/questions/71935400/custom-tree-dropdown-style","0","0",1
"Postgres - Get max of a column in a LOD function using group by","https://stackoverflow.com/questions/71934953/postgres-get-max-of-a-column-in-a-lod-function-using-group-by","1","22",1
"Getting Null Pointer Exception when using ""like"" expression of criteriaBuilder","https://stackoverflow.com/questions/71935067/getting-null-pointer-exception-when-using-like-expression-of-criteriabuilder","0","11",1
"How to print one word per line given a String in JavaScript [closed]","https://stackoverflow.com/questions/71935274/how-to-print-one-word-per-line-given-a-string-in-javascript","-2","0",1
"Redis max clients ""error The operating system is not able to handle the specified number of clients, try with 10208""","https://stackoverflow.com/questions/71935159/redis-max-clients-error-the-operating-system-is-not-able-to-handle-the-specifie","0","0",1
"See :hover state in Chrome Developer Tools","https://stackoverflow.com/questions/4515124/see-hover-state-in-chrome-developer-tools","928","1313",1
"Where should I put <script> tags in HTML markup?","https://stackoverflow.com/questions/436411/where-should-i-put-script-tags-in-html-markup","1746","2020",1
"How do I style a <select> dropdown with only CSS?","https://stackoverflow.com/questions/1895476/how-do-i-style-a-select-dropdown-with-only-css","1549","2424",1
"CSS 100% height with padding/margin","https://stackoverflow.com/questions/485827/css-100-height-with-padding-margin","857","1515",1
"Transitions on the CSS display property","https://stackoverflow.com/questions/3331353/transitions-on-the-css-display-property","1757","3636",1